LON,LAT,DATASET,count_same
110.718,32.12,CH4,13
115.15,28.517,CH4,12
111.867,26.75,CH4,2
113.331,28.551,CH4,63
123.4,41.833,CH4,10
120.12,30.26,CH4,6
120.16,30.13,CH4,9
120.8,31.2,CH4,6
119.467,31.92,CH4,8
105.45,31.267,CH4,4
121.363,29.793,CH4,12
113.617,28.15,CH4,30
112.3,28.117,CH4,52
119.95,30.083,CH4,4
118.833,31.867,CH4,2
119.683,31.4,CH4,6
112.15,30.35,CH4,16
116.917,28.25,CH4,154
119.9,31.292,CH4,4
105.467,31.267,CH4,8
119.05,26.017,CH4,12
120.962,31.254,CH4,5
117.067,32.86,CH4,6
119.643,25.996,CH4,4
119.967,31.633,CH4,10
104.567,30.083,CH4,8
126.8,45.817,CH4,34
106.19,29.064,CH4,6
115.068,26.746,CH4,8
123.75,45.333,CH4,12
108.294,22.883,CH4,30
121.783,31.217,CH4,8
114.567,23.1,CH4,36
119.3,26.1,CH4,23
115.073,29.936,CH4,1
114.092,30.361,CH4,1
113.08,28.199,CH4,10
111.5,28.917,CH4,40
112.8,28.617,CH4,10
112.102,30.383,CH4,18
127.667,46.95,CH4,20
133.517,47.583,CH4,1
113.333,23.133,CH4,34
111.45,28.917,CH4,22
119.942,30.085,CH4,23
113.167,35.067,CH4,6
125.733,45.63,CH4,2
121.383,30.883,CH4,7
106.193,38.124,CH4,4
124.832,45.147,CH4,3
124.718,45.005,CH4,6
124.708,45.001,CH4,6
116.335,39.961,CH4,12
115.55,34.567,CH4,12
112.817,29.567,CH4,12
126.633,47.433,CH4,2
113.204,28.139,CH4,12
112.817,28.366,CH4,8
118.8,32.0,CH4,1
106.433,30.433,CH4,1
113.183,28.133,CH4,16
120.183,33.45,CH4,1
113.49,28.18,CH4,10
113.2,28.138,CH4,4
115.5,29.917,CH4,8
113.201,28.142,CH4,12
113.093,28.184,CH4,16
109.934,19.949,CH4,8
120.7,31.55,CH4,3
120.617,31.55,CH4,1
116.994,31.534,CH4,4
112.431,29.118,CH4,2
112.917,29.867,CH4,3
120.964,31.265,CH4,6
116.091,28.336,CH4,18
114.37,30.48,CH4,30
110.717,32.117,CH4,3
123.8,42.233,CH4,4
125.7,43.81,CH4,4
116.917,28.342,CH4,8
116.0,28.441,CH4,24
111.66,29.98,CH4,2
113.75,30.083,CH4,8
112.767,30.883,CH4,4
119.391,34.551,CH4,6
113.331,28.546,CH4,2
112.763,28.974,CH4,4
119.75,30.417,CH4,6
112.4,29.15,CH4,2
113.083,28.186,CH4,5
133.31,47.35,CH4,6
120.5,30.717,CH4,4
117.746,30.764,CH4,20
106.6644444,26.49694444,CH4,4
108.2941278,22.88286944,CH4,16
112.9375,27.91527778,CH4,2
115.15,28.1,CH4,4
127.6792,46.9578,CH4,6
119.7,32.5847,CH4,9
119.83,32.87,CH4,1
115.7241,30.0069,CH4,3
119.42,32.5,CH4,8
115.57,30.167,CH4,24
103.83,30.13,CH4,3
112.52,30.2,CH4,6
115.07,26.75,CH4,22
121.4,30.89,CH4,2
105.47,31.27,CH4,5
120.5,31.5,CH4,16
119.25,32.3,CH4,4
119.68,31.4,CH4,2
119.53,31.65,CH4,2
120.7078,31.5592,CH4,33
112.805,30.8936,CH4,4
115.5,29.9167,CH4,8
119.6239,26.2925,CH4,4
118.8333,31.8667,CH4,2
120.6167,31.55,CH4,9
115.55,29.85,CH4,28
115.5,29.92,CH4,8
120.7078,31.56,CH4,2
119.9167,30.08,CH4,12
117.6667,31.65,CH4,8
112.55,28.27,CH4,8
119.9,31.28,CH4,2
118.9833,31.95,CH4,6
118.8333,31.87,CH4,17
120.9619,31.25,CH4,4
118.8667,31.83,CH4,12
116.9167,28.25,CH4,4
121.1333,31.2,CH4,8
119.6833,31.4,CH4,4
121.62,31.61,CH4,3
105.45,31.27,CH4,8
123.35,42.08,CH4,2
119.7,32.58,CH4,12
119.4167,32.5,CH4,8
121.3833,30.88,CH4,40
112.08,30.36,CH4,6
112.4,32.1,CH4,8
119.3,31.9667,CH4,13
125.8833,43.7333,CH4,2
106.45,38.2,CH4,1
105.45,31.2667,CH4,8
119.7833,31.4333,CH4,4
112.6,27.9667,CH4,37
120.95,31.25,CH4,4
119.9,31.2833,CH4,2
119.1667,34.6,CH4,8
120.9619,31.2542,CH4,4
121.3833,30.8833,CH4,12
123.1167,41.8667,CH4,9
120.4667,31.6167,CH4,6
123.3833,41.5333,CH4,6
133.5167,47.5833,CH4,6
105.2,30.9667,CH4,12
116.2333,30.0,CH4,3
112.73,31.98,CH4,4
105.4667,31.2667,CH4,21
119.4697,31.9072,CH4,4
113.3333,23.1333,CH4,8
121.3978,30.8936,CH4,20
-121.81,38.54,CH4,2
-121.54,39.22,CH4,2
-121.74,39.46,CH4,2
77.2,28.233333,CH4,2
90.375,23.988889,CH4,18
85.91666667,20.41666667,CH4,5
128.1183222,35.10902778,CH4,6
128.4333333,36.83333333,CH4,25
120.55,31.5,CH4,10
111.8666667,26.75,CH4,14
128.1166667,35.1,CH4,26
8.430833333,45.29638889,CH4,2
139.9047222,38.84972222,CH4,2
140.3396111,38.25541667,CH4,2
140.4747222,37.76080556,CH4,2
139.0333333,37.91611111,CH4,4
136.7607778,35.42322222,CH4,2
136.9138889,35.17861111,CH4,4
134.55,34.06666667,CH4,2
130.7077778,32.80305556,CH4,4
130.55,31.6,CH4,3
128.0963333,35.14902778,CH4,8
-120.0713889,39.01333333,CH4,10
105.8483333,20.93333333,CH4,8
85.94211111,20.45206944,CH4,2
-121.7263889,39.46305556,CH4,12
77.2,28.66666667,CH4,19
8.716666667,45.06666667,CH4,2
99.5,13.58333333,CH4,8
121.267,14.148,CH4,6
128.1183333,35.10916667,CH4,8
127.0422222,37.22277778,CH4,6
99.50583333,13.58611111,CH4,20
121.2652722,14.14102778,CH4,4
140.473,36.366,CH4,4
85.93,20.45555556,CH4,10
-8.737616667,39.03669167,CH4,2
85.93611111,20.45305556,CH4,2
11.48211389,44.69225278,CH4,3
100.605475,14.36521944,CH4,8
-5.666666667,39.1,CH4,12
-91.46,34.46,CH4,4
141.2166667,40.23333333,CH4,6
132.7833333,33.95,CH4,14
120.707,15.59236111,CH4,6
120.6255,15.7145,CH4,4
-89.99722222,35.81472222,CH4,5
79.5,11.0,CH4,28
-0.038377778,41.75885278,CH4,4
-0.3771,41.958325,CH4,3
141.7333333,43.3,CH4,4
-51.1,-29.95,CH4,3
91.53333333,22.89388889,CH4,2
90.405,23.53722222,CH4,2
110.1666667,-6.75,CH4,4
121.2597222,14.1625,CH4,33
107.5166667,16.46666667,CH4,40
140.15,36.2,CH4,2
-121.73,38.9,CH4,5
-121.7,39.01,CH4,5
-91.4,34.45,CH4,4
-91.41666667,34.45,CH4,2
110.0,-7.546666667,CH4,2
110.0,-7.637777778,CH4,2
49.64383333,37.20477778,CH4,5
115.5,-2.5,CH4,6
75.83333333,30.78333333,CH4,2
77.03333333,28.66666667,CH4,1
105.3333333,10.46666667,CH4,12
105.45,10.4,CH4,8
105.1166667,10.25,CH4,12
106.0,21.33333333,CH4,16
85.93333333,20.4494,CH4,5
104.5812167,11.06074722,CH4,8
-51.1,-29.9,CH4,12
85.93277778,20.45333333,CH4,8
128.0961861,35.14909167,CH4,3
90.4,24.75,CH4,6
0.633277778,40.70763889,CH4,4
92.81666667,26.68333333,CH4,16
85.93333333,20.45,CH4,5
126.9833333,37.25,CH4,6
127.55,34.93333333,CH4,5
-121.6542,38.1053,CH4,3
-121.7263889,38.1053,CH4,7
76.92111111,29.80972222,CH4,6
-1.294,6.6237,CH4,5
-54.38333333,-33.23333333,CH4,6
-53.72183333,-29.71666667,CH4,8
140.5,39.48333333,CH4,8
139.4716667,35.66583333,CH4,2
85.916667,20.416667,CH4,17
139.416,35.975,CH4,4
85.935833,20.452778,CH4,4
128.10111,35.156103,CH4,3
-0.632222,40.708333,CH4,9
-0.038333,41.758889,CH4,4
106.354233,21.004967,CH4,28
121.259722,14.1625,CH4,15
127.0422,45.82525,CH4,3
140.12,36.074,CH4,4
128.096186,35.149092,CH4,16
132.788889,33.963333,CH4,2
141.416667,43.016667,CH4,12
86.566667,20.733333,CH4,24
128.433333,36.833333,CH4,4
128.75,36.6,CH4,4
85.92,20.42,CH4,19
111.45,28.92,CH4,9
92.94,26.2,CH4,2
104.57,30.08,CH4,6
116.36,40.01,CH4,4
121.26,14.16,CH4,24
92.83,26.68,CH4,5
115.74,30.01,CH4,6
101.52,13.97,CH4,17
105.54,-5.03,CH4,22
105.65,-5.54,CH4,2
104.81,-5.33,CH4,2
105.48,-5.58,CH4,2
115.33,-8.53,CH4,8
115.13,-8.54,CH4,4
88.67,22.3,CH4,18
111.17,-6.76,CH4,36
110.718,32.12,N2O,33
115.15,28.517,N2O,12
111.867,26.75,N2O,2
113.331,28.551,N2O,63
120.12,30.26,N2O,6
120.16,30.13,N2O,9
121.363,29.793,N2O,12
113.617,28.15,N2O,30
112.3,28.117,N2O,52
119.95,30.083,N2O,4
118.833,31.867,N2O,2
119.683,31.4,N2O,6
112.15,30.35,N2O,15
116.917,28.25,N2O,150
105.467,31.267,N2O,6
119.05,26.017,N2O,12
120.962,31.254,N2O,3
120.48,31.446,N2O,16
117.067,32.86,N2O,6
119.643,25.996,N2O,4
113.2,28.133,N2O,6
116.333,28.25,N2O,6
119.967,31.633,N2O,9
104.567,30.083,N2O,6
126.8,45.817,N2O,25
106.19,29.064,N2O,6
115.068,26.746,N2O,7
123.75,45.333,N2O,12
108.294,22.883,N2O,30
121.783,31.217,N2O,8
119.3,26.1,N2O,11
115.073,29.936,N2O,1
114.092,30.361,N2O,1
113.08,28.199,N2O,10
111.5,28.917,N2O,40
112.8,28.617,N2O,4
112.102,30.383,N2O,18
127.667,46.95,N2O,8
133.517,47.583,N2O,1
105.45,31.267,N2O,1
128.82,45.85,N2O,3
113.167,35.067,N2O,2
125.733,45.63,N2O,2
111.45,28.917,N2O,20
121.383,30.883,N2O,6
106.193,38.124,N2O,4
124.832,45.147,N2O,3
124.718,45.005,N2O,6
124.708,45.001,N2O,6
115.55,34.567,N2O,7
126.633,47.433,N2O,2
113.204,28.139,N2O,12
112.817,28.366,N2O,8
118.8,32.0,N2O,1
113.183,28.133,N2O,16
120.183,33.45,N2O,1
113.49,28.18,N2O,10
119.3,31.967,N2O,4
113.2,28.138,N2O,4
115.5,29.917,N2O,8
113.201,28.142,N2O,2
127.561,46.954,N2O,4
109.934,19.949,N2O,8
120.7,31.55,N2O,1
120.617,31.55,N2O,1
116.994,31.534,N2O,4
112.917,29.867,N2O,2
120.964,31.265,N2O,3
113.331,28.546,N2O,14
116.091,28.336,N2O,18
114.37,30.48,N2O,16
120.512,42.15,N2O,2
110.717,32.117,N2O,1
113.333,23.133,N2O,19
123.117,41.867,N2O,6
123.8,42.233,N2O,4
128.812,45.829,N2O,1
116.917,28.342,N2O,8
116.0,28.441,N2O,24
111.66,29.98,N2O,2
113.75,30.083,N2O,8
112.767,30.883,N2O,3
119.391,34.551,N2O,6
112.763,28.974,N2O,4
119.75,30.417,N2O,6
112.4,29.15,N2O,2
133.31,47.35,N2O,5
120.5,30.717,N2O,4
123.1167,41.8667,N2O,10
106.6644,26.4969,N2O,4
108.2941,22.8829,N2O,16
127.6792,46.9578,N2O,4
119.7,32.5847,N2O,6
115.7241,30.0069,N2O,3
119.42,32.5,N2O,8
115.57,30.167,N2O,24
111.5333,29.2833,N2O,3
119.2,32.1,N2O,1
103.83,30.13,N2O,3
112.52,30.2,N2O,1
105.47,31.27,N2O,4
120.5,31.5,N2O,6
119.82,31.36,N2O,6
119.3,31.97,N2O,12
119.25,32.3,N2O,4
120.7078,31.5592,N2O,30
112.805,30.8936,N2O,4
119.6239,26.2925,N2O,4
118.8333,31.8667,N2O,13
120.6167,31.55,N2O,9
115.5,29.92,N2O,6
120.7078,31.56,N2O,2
119.9167,30.08,N2O,11
112.55,28.27,N2O,8
120.95,31.25,N2O,6
118.9833,31.95,N2O,6
118.8333,31.87,N2O,11
120.9619,31.25,N2O,2
120.4667,31.62,N2O,2
121.1333,31.2,N2O,8
119.6833,31.4,N2O,4
121.62,31.61,N2O,3
123.35,42.08,N2O,2
106.2953,38.12,N2O,6
115.45,31.05,N2O,4
105.45,31.27,N2O,8
114.3558,30.47,N2O,2
121.3833,30.88,N2O,27
112.08,30.36,N2O,6
112.4,32.1,N2O,8
125.8833,43.7333,N2O,2
106.45,38.2,N2O,1
105.45,31.2667,N2O,4
112.6,27.9667,N2O,34
119.1667,34.6,N2O,8
120.9619,31.2542,N2O,4
115.55,29.85,N2O,4
115.5,29.9167,N2O,4
119.9,31.2667,N2O,1
112.73,31.98,N2O,1
105.4667,31.2667,N2O,15
119.3,31.9667,N2O,1
113.3333,23.1333,N2O,7
120.55,31.5,N2O,6
120.5,31.3,N2O,6
-121.81,38.54,N2O,2
-121.54,39.22,N2O,2
-121.74,39.46,N2O,2
77.2,28.233333,N2O,2
90.375,23.988889,N2O,18
85.91666667,20.41666667,N2O,5
128.4333333,36.83333333,N2O,13
111.8666667,26.75,N2O,8
-120.0713889,39.01333333,N2O,10
105.8483333,20.93333333,N2O,8
85.94211111,20.45206944,N2O,2
-121.7263889,39.46305556,N2O,12
77.2,28.66666667,N2O,18
8.716666667,45.06666667,N2O,2
99.5,13.58333333,N2O,8
121.267,14.148,N2O,6
128.1183333,35.10916667,N2O,8
140.473,36.366,N2O,4
128.1166667,35.1,N2O,8
-8.737616667,39.03669167,N2O,2
85.93611111,20.45305556,N2O,2
11.48211389,44.69225278,N2O,2
100.605475,14.36521944,N2O,3
-5.666666667,39.1,N2O,1
-91.46,34.46,N2O,4
132.7833333,33.95,N2O,14
120.707,15.59236111,N2O,6
120.6255,15.7145,N2O,4
-89.99722222,35.81472222,N2O,3
79.5,11.0,N2O,28
-0.038377778,41.75885278,N2O,4
-0.3771,41.958325,N2O,1
-51.1,-29.95,N2O,3
110.1666667,-6.75,N2O,4
121.2597222,14.1625,N2O,32
107.5166667,16.46666667,N2O,40
140.15,36.2,N2O,2
-121.73,38.9,N2O,5
-121.7,39.01,N2O,5
-91.4,34.45,N2O,4
49.64383333,37.20477778,N2O,4
75.83333333,30.78333333,N2O,2
77.03333333,28.66666667,N2O,1
105.3333333,10.46666667,N2O,12
105.45,10.4,N2O,8
105.1166667,10.25,N2O,12
106.0,21.33333333,N2O,8
85.93333333,20.4494,N2O,5
-51.1,-29.9,N2O,4
85.93277778,20.45333333,N2O,8
128.0961861,35.14909167,N2O,3
92.81666667,26.68333333,N2O,16
90.4,24.75,N2O,4
85.93333333,20.45,N2O,5
126.9833333,37.25,N2O,6
127.55,34.93333333,N2O,3
-121.6542,38.1053,N2O,2
-121.7263889,38.1053,N2O,7
76.92111111,29.80972222,N2O,2
-1.294,6.6237,N2O,1
-54.38333333,-33.23333333,N2O,6
-53.72183333,-29.71666667,N2O,8
140.5,39.48333333,N2O,8
85.916667,20.416667,N2O,17
139.416,35.975,N2O,4
85.935833,20.452778,N2O,4
-0.632222,40.708333,N2O,3
-0.038333,41.758889,N2O,4
106.354233,21.004967,N2O,28
121.259722,14.1625,N2O,11
127.0422,45.82525,N2O,3
140.12,36.074,N2O,3
141.416667,43.016667,N2O,12
86.566667,20.733333,N2O,24
128.433333,36.833333,N2O,3
104.57,30.08,N2O,6
115.07,26.75,N2O,7
116.36,40.01,N2O,4
121.26,14.16,N2O,22
88.67,22.3,N2O,18
104.583333,30.105556,NH3,6
113.215285,28.142404,NH3,18
116.0,28.433333,NH3,6
100.063222,26.032417,NH3,6
113.85073,28.28687,NH3,12
120.1,31.516667,NH3,9
120.633333,31.55,NH3,6
108.27,23.17,NH3,12
119.8885917,31.33532192,NH3,6
117.766667,31.65,NH3,6
115.906944,23.353889,NH3,12
120.411667,30.44,NH3,12
119.4077658,32.3968554,NH3,20
106.266667,38.133333,NH3,5
117.034423,28.2741176,NH3,3
114.33,30.5,NH3,3
111.55,28.916667,NH3,12
120.699167,31.545833,NH3,101
111.87,26.76,NH3,14
120.707778,31.559167,NH3,74
123.4,41.516667,NH3,12
115.55,29.95,NH3,4
100.063333,26.0325,NH3,6
115.55,29.85,NH3,35
111.5,28.916667,NH3,36
111.866667,26.75,NH3,16
121.4,31.383333,NH3,3
115.5,29.916667,NH3,8
120.666667,30.833333,NH3,26
120.3,30.5,NH3,12
123.366667,43.516667,NH3,5
120.466667,31.616667,NH3,6
103.734358,30.950275,NH3,7
120.416944,30.434444,NH3,9
120.406389,30.435278,NH3,7
117.150747,36.154183,NH3,14
120.2,30.266667,NH3,4
119.16,31.95,NH3,10
113.63,28.16,NH3,10
120.821725,30.802847,NH3,3
115.133333,28.266667,NH3,24
111.85,26.59,NH3,3
104.577778,30.111111,NH3,5
119.2,32.1,NH3,12
117.866667,32.55,NH3,10
119.476667,29.021944,NH3,2
116.233333,30.016667,NH3,18
112.0475,30.362222,NH3,15
109.5697188,19.5173795,NH3,4
115.5562861,29.847035,NH3,12
113.816667,28.316667,NH3,54
121.116667,31.2,NH3,4
100.174167,25.892778,NH3,7
115.616667,29.983333,NH3,6
115.583333,30.116667,NH3,6
120.961944,31.254167,NH3,6
121.133333,31.883333,NH3,1
120.41,31.32,NH3,14
118.983333,31.95,NH3,8
118.833333,31.866667,NH3,4
112.3905651,29.3644727,NH3,10
113.55,29.55,NH3,14
114.383333,28.5,NH3,12
123.183333,42.416667,NH3,3
114.083333,23.016667,NH3,2
112.2349334,30.3381115,NH3,6
119.3,31.966667,NH3,5
112.933333,28.916667,NH3,12
104.577778,30.102778,NH3,5
121.827778,31.024444,NH3,11
119.133333,31.066667,NH3,12
119.9,31.266667,NH3,7
120.8,31.2,NH3,3
119.883333,30.35,NH3,4
121.089444,31.255833,NH3,4
118.7915619,32.0615513,NH3,3
118.833333,31.8,NH3,12
112.306944,30.718056,NH3,10
119.466667,32.533333,NH3,8
119.9861,31.4765,NH3,9
77.2,28.666667,NH3,16
100.133333,14.466667,NH3,2
79.416667,28.966667,NH3,18
121.416667,14.433333,NH3,6
-90.915,33.423889,NH3,2
-97.362519,32.579031,NH3,2
105.583333,10.133333,NH3,2
120.8887,15.6747,NH3,21
-91.275556,33.760833,NH3,6
140.116667,36.016667,NH3,3
139.066667,36.2,NH3,8
90.429722,24.715278,NH3,12
90.375,23.988889,NH3,4
76.83333,29.66667,NH3,9
139.714222,35.736156,NH3,1
-94.1575,36.0625,NH3,2
-99.95306,49.84692,NH3,4
-99.95306,49.833333,NH3,4
88.67,22.32,NH3,10
149.116667,-35.283333,NH3,4
-63.166667,46.333333,NH3,6
120.68,31.53,NL,18
120.7,31.55,NL,22
115.5,29.92,NL,8
121.75,30.87,NL,4
120.305456,31.570037,NL,6
121.13,31.2,NL,8
119.943432,31.672903,NL,4
121.53,31.38,NL,2
120.831486,31.669446,NL,16
121.3,31.25,NL,5
120.0,31.6,NL,4
106.43,30.43,NL,15
111.25,30.83,NL,14
106.43,30.26,NL,16
119.790265,31.362245,NL,7
120.8,31.7,NL,4
112.3,28.6,NL,8
115.13,28.28,NL,18
106.28,38.12,NL,28
106.21,37.99,NL,2
121.091425,31.130862,NL,4
118.778074,32.057236,NL,10
121.487899,31.249162,NL,6
120.9,30.5,NL,1
113.721985,28.234472,NL,2
118.766667,31.9,NL,8
121.089444,31.255833,NL,4
106.193056,38.123889,NL,4
106.199167,38.125556,NL,5
121.133333,31.2,NL,5
120.699167,31.545833,NL,18
119.900333,31.2915,NL,7
80.1,43.083333,NL,2
120.961944,31.254167,NL,8
120.41,31.32,NL,6
112.15,30.35,NL,6
122.26,41.17,NL,2
113.817154,28.33417503,NL,12
113.816667,28.316667,NL,12
90.426389,24.719444,NL,8
140.25,38.85,NL,4
140.020278,36.004444,NL,3
90.24,24.03,NL,24
120.698,31.55,NO,18
103.8,30.67,NO,4
120.7,30.83,NO,2
120.05,31.116,NO,15
110.72,32.12,NO,37
90.429722,24.715278,NO,6
90.409167,23.990278,NO,6
-87.650278,34.750833,NO,5
120.491111,31.612778,NO,3
115.066667,26.733333,NO,2
118.833333,31.866667,NO,6
118.9,33.4084,NO,10
120.0,31.95,NO,4
120.31,31.57,NR,6
119.9,31.3,NR,21
120.7,31.55,NR,45
121.487899,31.249162,NR,6
113.2,28.2,NR,10
113.17,28.15,NR,6
120.831486,31.669446,NR,5
119.1,26.2,NR,12
121.1,31.2,NR,4
121.13,31.2,NR,13
119.9,31.29,NR,77
118.766667,31.9,NR,3
120.42,31.41,NR,10
113.82,28.32,NR,6
121.45,30.67,NR,4
119.3,32.0,NR,4
113.2,27.991667,NR,15
115.63,29.98,NR,5
115.6,30.12,NR,5
100.12,25.9,NR,3
121.3875,30.89,NR,12
120.961944,31.254167,NR,8
126.38,45.23,NR,6
120.41,31.32,NR,6
121.39,30.89,NR,4
123.73,45.45,NR,4
117.5,31.5,NR,6
113.283333,28.375,NR,16
113.36,28.12,NR,1
119.58,31.72,NR,2
112.47,29.43,NR,8
113.816667,28.316667,NR,12
119.68,30.68,NR,5
140.020278,36.004444,NR,3
112.3,28.1167,SOCSR,18
118.5414,37.5212,SOCSR,9
124.2333,43.3167,SOCSR,4
120.7,30.02,SOCSR,5
123.55,40.8,SOCSR,6
120.8333,30.8167,SOCSR,2
120.54,33.32,SOCSR,2
123.85,45.6,SOCSR,1
126.6,45.6667,SOCSR,3
106.4333,30.4333,SOCSR,2
111.25,27.0,SOCSR,3
111.8756,26.7617,SOCSR,26
116.5667,28.95,SOCSR,33
116.925,28.2583,SOCSR,10
112.4814,29.2175,SOCSR,7
116.0916,28.3353,SOCSR,2
112.8267,22.2608,SOCSR,1
116.1667,28.35,SOCSR,58
112.84,28.269,SOCSR,12
116.9942,31.5342,SOCSR,2
116.4333,28.6167,SOCSR,22
111.4333,28.9167,SOCSR,38
115.0581,26.7414,SOCSR,19
113.6167,28.15,SOCSR,5
113.3312,28.5512,SOCSR,4
113.3333,28.6167,SOCSR,50
111.5,28.9167,SOCSR,11
116.34,28.2583,SOCSR,45
115.839,28.768,SOCSR,5
113.3311,28.5511,SOCSR,8
116.1725,28.3517,SOCSR,4
111.4833,29.1667,SOCSR,6
116.0911,28.3361,SOCSR,3
111.55,28.9167,SOCSR,20
111.55,27.6333,SOCSR,2
115.8292,28.7639,SOCSR,5
113.2014,28.1419,SOCSR,6
111.8451,26.5877,SOCSR,1
112.0,28.05,SOCSR,3
112.823,28.367,SOCSR,5
115.864,28.6897,SOCSR,5
116.2485,28.384,SOCSR,5
116.9167,28.25,SOCSR,14
116.3333,28.25,SOCSR,5
113.35,28.4667,SOCSR,3
113.2,28.1383,SOCSR,4
115.9333,28.5667,SOCSR,13
111.7,27.9333,SOCSR,4
114.1469,29.5256,SOCSR,3
115.9333,28.1167,SOCSR,6
111.87,26.76,SOCSR,4
117.8332,39.3012,SOCSR,5
119.0694,26.2253,SOCSR,8
111.493,28.9134,SOCSR,18
106.6644,26.4969,SOCSR,5
112.3056,29.1914,SOCSR,7
115.931,28.5592,SOCSR,5
116.6101,28.2542,SOCSR,5
114.8833,26.8,SOCSR,4
113.8379,23.3247,SOCSR,6
125.847,42.6478,SOCSR,8
122.7713,41.5909,SOCSR,8
115.9403,28.5756,SOCSR,5
114.601,22.8359,SOCSR,4
119.4669,29.0194,SOCSR,5
123.5333,40.8,SOCSR,3
111.8731,26.7533,SOCSR,11
113.3333,23.1333,SOCSR,3
120.6917,30.6417,SOCSR,3
111.45,28.9167,SOCSR,2
111.9,28.4667,SOCSR,4
111.8556,28.93,SOCSR,10
111.4405,28.9305,SOCSR,3
116.1667,28.25,SOCSR,3
106.1931,38.1239,SOCSR,6
123.8333,45.5833,SOCSR,4
116.1758,28.3525,SOCSR,40
115.99,28.62,SOCSR,3
116.36,28.71,SOCSR,3
112.72,28.38,SOCSR,3
108.3197,22.82,SOCSR,4
123.8408,45.5994,SOCSR,5
80.690278,20.298333,SOCSR,1
86.054167,24.025,SOCSR,6
91.923611,25.689167,SOCSR,4
85.916667,20.416667,SOCSR,10
127.1480657,35.8242715,SOCSR,3
110.012778,-7.546944,SOCSR,1
91.373333,24.431667,SOCSR,4
91.316208,23.906672,SOCSR,6
90.416667,24.15,SOCSR,5
0.066667,6.15,SOCSR,4
85.808333,20.275,SOCSR,4
86.0,20.0,SOCSR,10
-16.233333,16.233333,SOCSR,6
-15.766667,16.55,SOCSR,6
81.733333,16.616667,SOCSR,6
85.816667,20.283333,SOCSR,5
108.2833,22.85,Yield,66
123.5333,40.8,Yield,15
119.9336,30.0803,Yield,20
113.2,28.1,Yield,30
122.18,41.04,Yield,1
112.1833,30.8667,Yield,26
116.0167,28.7167,Yield,4
115.55,29.85,Yield,325
118.63,32.85,Yield,4
119.1,33.77,Yield,4
119.25,33.86,Yield,4
119.95,30.05,Yield,42
113.0764,28.1997,Yield,4
113.05,28.4333,Yield,15
118.6333,28.35,Yield,2
124.95,43.6333,Yield,1
114.8,28.65,Yield,8
113.6167,28.15,Yield,224
112.4667,26.8833,Yield,28
119.6667,32.6667,Yield,18
115.8314,28.7689,Yield,4
119.9,30.0833,Yield,24
117.4667,31.4333,Yield,12
111.91,28.77,Yield,24
118.63,28.73,Yield,12
113.1333,28.4167,Yield,12
120.2,30.3,Yield,222
119.9557,30.0517,Yield,192
115.7333,30.0,Yield,8
115.6167,29.4833,Yield,4
115.6,29.9833,Yield,18
120.8333,30.8167,Yield,6
103.95,30.8167,Yield,40
103.9167,30.8667,Yield,10
105.5333,30.8667,Yield,5
103.8667,30.7167,Yield,9
112.5167,30.35,Yield,62
113.5833,31.7175,Yield,9
120.082,30.295,Yield,12
120.1047,28.8911,Yield,24
127.6792,46.9578,Yield,24
109.8833,23.3167,Yield,2
118.9973,32.7294,Yield,3
112.1667,30.525,Yield,9
112.3667,30.65,Yield,9
111.7891,30.8208,Yield,9
127.3,47.15,Yield,8
125.1167,46.6667,Yield,10
124.5644,44.8815,Yield,42
120.7,31.55,Yield,6
112.9667,29.9167,Yield,9
104.8833,25.0083,Yield,28
112.5466,28.2813,Yield,20
113.0667,28.1833,Yield,95
112.05,24.0667,Yield,12
111.8833,29.05,Yield,6
113.9167,25.9833,Yield,30
112.4167,29.35,Yield,38
112.95,22.0833,Yield,8
114.05,24.3167,Yield,8
106.4333,30.4333,Yield,11
112.9833,28.2,Yield,32
127.0667,45.8667,Yield,8
113.3311,28.5511,Yield,36
112.0575,24.0644,Yield,36
108.8786,23.1592,Yield,36
110.1978,19.7533,Yield,24
113.0708,28.1864,Yield,36
104.9322,25.1211,Yield,24
104.2667,31.2333,Yield,24
112.0883,30.5825,Yield,24
115.1267,28.2625,Yield,40
119.5333,32.0,Yield,22
120.8833,31.1167,Yield,8
118.7,32.0333,Yield,15
100.5667,26.2167,Yield,15
102.6167,29.4833,Yield,4
114.328,30.4903,Yield,90
120.4169,30.4344,Yield,21
123.5667,39.8667,Yield,6
113.3333,23.1333,Yield,54
115.15,28.5167,Yield,28
120.586,31.696,Yield,5
106.1931,38.1239,Yield,8
112.801,28.3355,Yield,32
113.66,34.75,Yield,2
116.2992,28.5917,Yield,4
119.4167,32.5,Yield,86
125.33,43.917,Yield,6
112.0575,28.5,Yield,6
120.0364,29.1403,Yield,8
125.7,43.81,Yield,4
127.392,44.75,Yield,5
120.2,28.4,Yield,4
120.84,30.83,Yield,2
132.6,47.2,Yield,12
132.6466,47.2329,Yield,30
113.8,28.8833,Yield,5
125.9958,43.7078,Yield,8
115.12,28.28,Yield,8
115.32,26.48,Yield,8
113.3,28.2167,Yield,8
115.15,28.2167,Yield,36
103.81,30.2,Yield,16
105.463,31.2349,Yield,4
119.25,32.3,Yield,121
121.31,29.45,Yield,38
120.25,32.85,Yield,4
120.95,32.45,Yield,4
127.5011,46.8781,Yield,3
119.45,29.0167,Yield,112
119.4767,29.0219,Yield,24
119.9303,34.2147,Yield,2
119.85,30.3667,Yield,12
112.9167,29.8667,Yield,46
113.5,31.4333,Yield,10
113.18,23.1,Yield,20
119.65,29.1167,Yield,16
112.4667,28.2167,Yield,16
112.6833,23.0333,Yield,16
132.8,47.1667,Yield,12
112.15,30.35,Yield,37
116.9167,28.25,Yield,194
110.6167,32.6333,Yield,14
112.5167,32.35,Yield,8
118.8333,31.95,Yield,16
125.6333,43.0833,Yield,8
132.6359,47.247,Yield,4
120.1,32.4167,Yield,5
119.05,31.0167,Yield,3
115.2333,28.4333,Yield,12
120.011,31.44,Yield,1
116.4,28.6333,Yield,62
103.83,30.7,Yield,78
112.6667,30.22,Yield,16
116.3,39.95,Yield,2
115.86,28.69,Yield,4
119.65,29.09,Yield,4
113.8167,28.3167,Yield,76
113.23,31.64,Yield,48
115.75,30.01,Yield,48
120.1017,29.5182,Yield,5
120.0,30.1,Yield,6
120.3,30.4,Yield,12
113.9,30.9333,Yield,3
132.8,47.2,Yield,24
120.55,31.5,Yield,18
102.9833,29.9667,Yield,10
103.85,30.78,Yield,3
113.9333,30.9833,Yield,30
106.1833,29.05,Yield,33
112.3,30.7167,Yield,3
120.4833,32.3667,Yield,3
120.6924,31.6965,Yield,6
115.8333,28.7667,Yield,8
119.7,32.5833,Yield,2
127.056,45.5278,Yield,54
119.43,32.39,Yield,12
115.15,28.3833,Yield,120
108.8424,23.2394,Yield,12
110.3318,22.7382,Yield,12
108.9664,24.6803,Yield,12
115.6271,29.9964,Yield,15
115.6206,30.0049,Yield,18
115.1589,28.5414,Yield,12
112.8,32.0,Yield,8
117.3,31.0,Yield,4
111.45,28.9167,Yield,126
113.1333,23.2333,Yield,6
125.4483,45.3925,Yield,2
108.8688,23.2463,Yield,4
109.1234,24.6608,Yield,4
110.1718,22.6067,Yield,4
115.9333,28.1167,Yield,72
126.7667,45.85,Yield,24
123.8167,41.8167,Yield,36
118.0763,28.497,Yield,8
121.8833,29.7833,Yield,44
116.17,28.35,Yield,24
112.4667,29.2167,Yield,130
120.9619,31.2542,Yield,65
115.1175,28.2732,Yield,4
115.8833,29.85,Yield,44
117.1667,31.8833,Yield,4
103.87,30.71,Yield,20
114.3637,30.4818,Yield,8
104.4897,30.965,Yield,4
103.5997,30.6389,Yield,4
123.8333,45.5833,Yield,19
115.76,30.55,Yield,40
123.4167,41.8,Yield,12
119.7167,29.3167,Yield,10
100.5667,26.2,Yield,9
119.9167,32.0,Yield,6
119.6844,30.1694,Yield,1
113.6,23.2667,Yield,10
114.0833,32.1167,Yield,35
119.6583,29.0535,Yield,12
116.8833,35.1333,Yield,4
113.6833,23.66,Yield,4
113.4833,22.3667,Yield,4
113.4,22.55,Yield,4
105.9306,29.2478,Yield,4
113.0333,25.1333,Yield,24
118.5333,32.0167,Yield,7
118.8,31.8167,Yield,7
118.8667,32.3,Yield,2
132.6481,47.2628,Yield,12
120.2,30.2667,Yield,19
125.7333,45.63,Yield,6
131.6833,46.6667,Yield,15
106.3839,29.7572,Yield,58
113.1028,28.7793,Yield,4
112.7631,28.9736,Yield,4
103.65,30.55,Yield,16
102.6,29.4833,Yield,16
116.0857,29.0005,Yield,6
113.35,28.4667,Yield,6
118.85,33.5833,Yield,14
103.91,30.93,Yield,8
113.83,28.5,Yield,36
119.7,32.5847,Yield,11
120.3901,33.697,Yield,12
110.55,29.5167,Yield,32
112.4814,29.2175,Yield,140
116.925,28.2583,Yield,150
112.3,28.1167,Yield,176
120.65,30.4333,Yield,1
120.6,30.45,Yield,1
120.7667,29.4167,Yield,1
119.9667,28.9333,Yield,11
121.5,28.5,Yield,6
121.1667,30.7167,Yield,6
116.1667,28.35,Yield,29
115.9333,28.5667,Yield,10
111.8667,26.75,Yield,14
120.2,30.5,Yield,34
119.0833,30.0667,Yield,4
115.05,26.7333,Yield,6
119.0694,26.2253,Yield,8
106.1894,29.0642,Yield,3
119.4167,32.7833,Yield,6
110.1833,19.75,Yield,4
120.16,30.13,Yield,15
123.5667,41.8167,Yield,14
119.3833,32.8333,Yield,30
117.32,24.37,Yield,42
118.7,25.37,Yield,42
113.81,23.13,Yield,10
114.08,32.12,Yield,4
119.03,26.08,Yield,4
118.8641,32.0407,Yield,1
119.2,34.8,Yield,3
113.83,23.15,Yield,4
113.3312,28.5512,Yield,24
119.2667,31.95,Yield,1
123.4,41.8333,Yield,10
120.12,30.26,Yield,6
110.7178,32.1203,Yield,31
120.8,31.2,Yield,6
119.4667,31.92,Yield,8
105.45,31.2667,Yield,2
121.3633,29.7928,Yield,12
118.8333,31.8667,Yield,6
119.6833,31.4,Yield,13
119.9003,31.2915,Yield,4
105.4667,31.2667,Yield,20
119.05,26.0167,Yield,6
120.48,31.4456,Yield,16
117.0667,32.86,Yield,6
119.6432,25.9956,Yield,4
113.2,28.1333,Yield,6
116.3333,28.25,Yield,6
119.9667,31.6333,Yield,8
104.5667,30.0833,Yield,6
126.8,45.8167,Yield,34
106.1895,29.0642,Yield,6
115.0681,26.7461,Yield,8
108.2941,22.8829,Yield,46
121.7833,31.2167,Yield,8
114.5667,23.1,Yield,76
119.3,26.1,Yield,27
115.0731,29.9361,Yield,1
114.0923,30.3605,Yield,1
111.5,28.9167,Yield,160
112.8,28.6167,Yield,4
112.1019,30.3831,Yield,18
127.6667,46.95,Yield,8
119.9418,30.0849,Yield,23
113.1667,35.0667,Yield,3
121.3833,30.8833,Yield,19
116.335,39.9615,Yield,12
115.55,34.5667,Yield,12
112.8167,29.5667,Yield,12
113.2044,28.1386,Yield,12
118.8,32.0,Yield,1
113.1833,28.1333,Yield,16
113.49,28.18,Yield,10
119.3,31.9667,Yield,15
113.2,28.1383,Yield,4
115.5,29.9167,Yield,16
127.5615,46.9541,Yield,4
109.9336,19.9494,Yield,8
120.6167,31.55,Yield,1
116.9942,31.5342,Yield,12
112.4311,29.1181,Yield,2
118.768,32.0606,Yield,6
116.0911,28.3361,Yield,22
114.37,30.48,Yield,30
120.5122,42.1497,Yield,2
110.7167,32.1167,Yield,2
122.67,41.8667,Yield,6
123.8,42.2333,Yield,4
116.9167,28.3417,Yield,8
116.0003,28.4406,Yield,24
111.66,29.98,Yield,2
113.75,30.0833,Yield,8
112.7667,30.8833,Yield,4
119.3909,34.5512,Yield,6
119.75,30.4167,Yield,6
117.7459,30.7639,Yield,20
120.5654,33.3925,Yield,6
111.4333,28.9167,Yield,48
113.6849,29.5256,Yield,3
117.8332,39.3012,Yield,70
120.7117,30.8389,Yield,8
108.1931,27.7597,Yield,6
113.2014,28.1419,Yield,18
112.3056,29.1914,Yield,154
123.3667,45.55,Yield,5
113.8379,23.3247,Yield,24
125.847,42.6478,Yield,40
114.601,22.8359,Yield,24
119.4669,29.0194,Yield,15
111.8731,26.7533,Yield,198
120.6917,30.6417,Yield,3
113.1167,30.85,Yield,10
120.7,27.92,Yield,3
123.2875,40.2959,Yield,4
113.6439,23.243,Yield,4
118.5661,28.6533,Yield,4
123.1167,41.8667,Yield,11
112.9375,27.9153,Yield,2
115.15,28.1,Yield,4
119.45,29.01666667,Yield,16
113.73,30.05,Yield,24
119.47,32.53,Yield,4
119.17,34.83,Yield,3
119.42,32.5,Yield,32
113.53,30.0,Yield,8
112.4,31.0,Yield,8
112.22,30.33,Yield,8
120.7,31.546,Yield,3
120.5,31.5,Yield,20
115.57,30.167,Yield,24
111.5333,29.2833,Yield,3
115.92,28.37,Yield,8
119.2,32.1,Yield,5
104.1667,31.05,Yield,36
103.83,30.13,Yield,3
112.52,30.2,Yield,6
115.07,26.75,Yield,22
112.6,32.2,Yield,12
119.97,33.08,Yield,28
120.1,34.2333,Yield,10
116.1833,28.35,Yield,2
113.62,28.15,Yield,6
119.9,31.28,Yield,12
105.47,31.27,Yield,5
120.71,31.56,Yield,6
119.82,31.36,Yield,6
119.3,31.97,Yield,12
119.78,29.08,Yield,16
112.18,30.87,Yield,8
119.68,31.4,Yield,2
119.57,31.03,Yield,11
120.1,32.44,Yield,11
119.72,29.32,Yield,3
113.07,28.18,Yield,12
119.53,31.65,Yield,2
112.805,30.8936,Yield,4
120.0833,32.4,Yield,8
119.4333,31.0167,Yield,8
112.0814,30.5569,Yield,16
119.0575,28.935,Yield,6
103.8333,30.7,Yield,17
112.8333,30.8667,Yield,15
121.5631,31.6889,Yield,18
119.7667,30.9333,Yield,6
119.9,31.0167,Yield,6
112.0822,30.5567,Yield,40
111.7572,30.4917,Yield,49
119.9667,33.0833,Yield,12
113.0822,28.1883,Yield,4
112.5322,25.6664,Yield,6
113.0878,26.5164,Yield,6
123.8408,45.5994,Yield,20
120.7078,31.5592,Yield,39
113.2833,28.18,Yield,4
115.6,30.18,Yield,20
106.2953,38.12,Yield,9
120.62,31.32,Yield,3
109.9167,21.78,Yield,12
120.8167,32.73,Yield,15
104.2667,31.23,Yield,18
105.3833,29.32,Yield,18
103.8833,30.23,Yield,24
117.6667,31.65,Yield,8
125.8833,43.73,Yield,10
129.6833,43.3,Yield,10
112.09,30.96,Yield,12
112.55,28.27,Yield,16
117.7931,31.65,Yield,42
118.9833,31.95,Yield,6
118.8333,31.87,Yield,7
119.2667,32.58,Yield,4
120.9619,31.25,Yield,4
118.8667,31.83,Yield,12
121.1333,31.2,Yield,27
119.4333,31.02,Yield,4
119.8,32.53,Yield,4
123.85,45.6,Yield,24
121.62,31.61,Yield,3
120.7667,31.95,Yield,12
105.45,31.27,Yield,4
115.5,29.92,Yield,16
123.35,42.08,Yield,2
119.3,32.0,Yield,8
119.7,32.58,Yield,12
119.9667,33.08,Yield,44
118.4606,39.28,Yield,6
119.45,32.33,Yield,14
119.4333,32.48,Yield,20
106.2667,38.13,Yield,10
113.1333,28.3,Yield,6
121.3833,30.88,Yield,40
112.08,30.36,Yield,6
119.85,31.03,Yield,9
112.4,32.1,Yield,8
125.8833,43.7333,Yield,4
106.45,38.2,Yield,2
121.3875,30.89,Yield,4
120.95,31.25,Yield,12
119.9,31.2833,Yield,2
119.1667,34.6,Yield,26
120.0833,29.1333,Yield,24
116.55,33.2667,Yield,4
111.87,26.75,Yield,20
125.7,44.35,Yield,6
104.6954,31.535,Yield,16
123.8167,45.5667,Yield,10
104.22,31.26,Yield,6
113.29,31.36,Yield,10
113.27,29.48,Yield,15
114.0,29.76,Yield,20
116.2333,30.0,Yield,3
116.63,23.68,Yield,3
110.8552,21.9206,Yield,3
113.2806,23.1252,Yield,3
116.28,23.03,Yield,3
114.4,23.09,Yield,3
115.25,24.09,Yield,3
111.5698,22.7697,Yield,3
113.01,23.7,Yield,3
113.02,22.52,Yield,3
111.98,21.87,Yield,3
110.4055,21.1953,Yield,3
112.4725,23.0515,Yield,3
115.75,30.1,Yield,30
112.73,31.98,Yield,4
120.85,31.76,Yield,6
117.3833,31.8,Yield,28
119.57,34.2,Yield,6
119.56,34.2,Yield,18
119.4697,31.9072,Yield,4
120.5333,32.7167,Yield,4
118.83,31.95,Yield,12
118.62,32.07,Yield,12
120.6992,31.5458,Yield,10
113.5333,30.0167,Yield,12
115.6333,29.9833,Yield,6
115.6,30.1167,Yield,6
119.8833,31.2833,Yield,9
105.3833,29.1667,Yield,10
104.73,31.47,Yield,24
112.6226,30.3818,Yield,6
120.6833,31.5333,Yield,16
120.6667,31.6833,Yield,16
104.4958,31.1439,Yield,10
120.5,31.3,Yield,6
120.1,31.5167,Yield,18
119.9,31.2667,Yield,3
-121.81,38.54,Yield,2
-121.54,39.22,Yield,2
-121.74,39.46,Yield,2
77.2,28.233333,Yield,2
90.375,23.988889,Yield,18
85.91666667,20.41666667,Yield,17
128.1183222,35.10902778,Yield,6
128.4333333,36.83333333,Yield,31
111.8666667,26.75,Yield,14
128.1166667,35.1,Yield,18
139.9047222,38.84972222,Yield,2
140.3396111,38.25541667,Yield,2
140.4747222,37.76080556,Yield,2
139.0333333,37.91611111,Yield,4
136.7607778,35.42322222,Yield,2
136.9138889,35.17861111,Yield,4
134.55,34.06666667,Yield,2
130.7077778,32.80305556,Yield,4
130.55,31.6,Yield,3
128.0963333,35.14902778,Yield,8
-120.0713889,39.01333333,Yield,10
105.8483333,20.93333333,Yield,8
85.94211111,20.45206944,Yield,2
-121.7263889,39.46305556,Yield,14
77.2,28.66666667,Yield,19
99.5,13.58333333,Yield,8
121.267,14.148,Yield,6
128.1183333,35.10916667,Yield,8
127.0422222,37.22277778,Yield,6
85.93,20.45555556,Yield,10
85.93611111,20.45305556,Yield,2
11.48211389,44.69225278,Yield,4
100.605475,14.36521944,Yield,8
-5.666666667,39.1,Yield,12
-91.46,34.46,Yield,4
120.707,15.59236111,Yield,6
120.6255,15.7145,Yield,2
-89.99722222,35.81472222,Yield,6
-121.7397222,39.45861111,Yield,18
79.5,11.0,Yield,28
-0.038377778,41.75885278,Yield,4
-0.3771,41.958325,Yield,3
141.7333333,43.3,Yield,4
-51.1,-29.95,Yield,3
91.53333333,22.89388889,Yield,2
90.405,23.53722222,Yield,2
110.1666667,-6.75,Yield,4
99.50583333,13.58611111,Yield,16
121.2597222,14.1625,Yield,33
107.5166667,16.46666667,Yield,40
140.15,36.2,Yield,2
-91.41666667,34.45,Yield,2
49.64383333,37.20477778,Yield,5
75.83333333,30.78333333,Yield,2
77.03333333,28.66666667,Yield,1
105.3333333,10.46666667,Yield,12
105.45,10.4,Yield,8
105.1166667,10.25,Yield,12
106.0,21.33333333,Yield,16
85.93333333,20.4494,Yield,5
104.5812167,11.06074722,Yield,8
-51.1,-29.9,Yield,12
85.93277778,20.45333333,Yield,8
128.0961861,35.14909167,Yield,3
90.4,24.75,Yield,6
0.633277778,40.70763889,Yield,4
92.81666667,26.68333333,Yield,16
85.93333333,20.45,Yield,5
126.9833333,37.25,Yield,6
127.55,34.93333333,Yield,5
-121.6542,38.1053,Yield,3
-121.7263889,38.1053,Yield,7
-1.294,6.6237,Yield,5
-54.38333333,-33.23333333,Yield,6
-53.72183333,-29.71666667,Yield,8
140.5,39.48333333,Yield,8
132.7833333,33.95,Yield,6
85.916667,20.416667,Yield,17
85.935833,20.452778,Yield,4
128.10111,35.156103,Yield,3
-0.632222,40.708333,Yield,9
-0.038333,41.758889,Yield,4
128.096464,35.149092,Yield,11
106.354233,21.004967,Yield,28
127.0422,45.82525,Yield,3
128.096186,35.149092,Yield,16
132.788889,33.963333,Yield,4
141.416667,43.016667,Yield,12
86.566667,20.733333,Yield,24
128.433333,36.833333,Yield,4
128.75,36.6,Yield,4
111.45,28.92,Yield,9
92.94,26.2,Yield,2
104.57,30.08,Yield,6
116.36,40.01,Yield,4
121.26,14.16,Yield,24
92.83,26.68,Yield,5
115.74,30.01,Yield,6
85.92,20.42,Yield,7
101.52,13.97,Yield,16
105.54,-5.03,Yield,22
105.65,-5.54,Yield,2
104.81,-5.33,Yield,2
105.48,-5.58,Yield,2
115.33,-8.53,Yield,8
115.13,-8.54,Yield,4
111.17,-6.76,Yield,35
119.5825921,31.7237477,Yield,7
106.2261,38.4852,Yield,10
112.9335,28.2312,Yield,54
114.2654,30.6041,Yield,12
119.26,26.02,Yield,6
116.2,28.4,Yield,10
115.9,28.5,Yield,10
112.0,28.5,Yield,8
112.1,30.6,Yield,25
117.76,31.65,Yield,12
116.91,28.25,Yield,88
90.41,23.99,Yield,16
112.08,30.56,Yield,40
-90.72,35.56,Yield,16
-92.2,34.8,Yield,8
123.93,45.58,Yield,8
90.4,23.72,Yield,18
145.7846069,-34.79850006,Yield,14
112.858,23.529,Yield,6
119.41,32.5,Yield,24
114.35,30.47,Yield,54
80.67,7.88,Yield,10
117.0,31.5,Yield,15
104.6935879,31.5653,Yield,16
124.46,44.82,Yield,54
112.12,30.5,Yield,12
140.34,38.25,Yield,11
126.73,45.74,Yield,21
116.3,28.25,Yield,8
105.88,31.0,Yield,42
-48.826389,-25.487222,SOCSR,4
4.66,43.49,SOCSR,4
46.431619,-19.55525,NL,4
-88.266667,36.616667,SOCSR,4
9.5,45.31,NR,4
8.951722,45.111444,SOCSR,4
